,CodeAntena,Duracion,Hora,NumeroDestino
0,1100135869,0 days 00:04:00.000000000,2018-06-01 13:07:00,311.487.6976
1,1100187368,0 days 00:02:00.000000000,2018-06-01 18:54:00,311.487.6976
2,1100162399,0 days 00:02:00.000000000,2018-06-01 13:20:00,311.487.6976
3,1100187105,0 days 00:05:00.000000000,2018-06-01 12:30:00,315.777.6549
4,1100187198,0 days 00:04:00.000000000,2018-06-01 17:30:00,300.227.8739
5,1100135150,0 days 00:03:00.000000000,2018-06-01 13:27:00,301.009.5672
6,1100187640,0 days 00:01:00.000000000,2018-06-01 06:06:00,300.227.8739
7,1100162555,0 days 00:03:00.000000000,2018-06-01 09:09:00,311.487.6976
8,1100135738,0 days 00:05:00.000000000,2018-06-01 19:46:00,315.777.6549
9,1100135750,0 days 00:03:00.000000000,2018-06-02 07:42:00,315.777.6549
10,1100162138,0 days 00:05:00.000000000,2018-06-02 20:25:00,315.777.6549
11,1100123745,0 days 00:04:00.000000000,2018-06-02 13:59:00,301.009.5672
12,1100123157,0 days 00:02:00.000000000,2018-06-02 21:48:00,301.009.5672
13,1100123778,0 days 00:04:00.000000000,2018-06-02 10:00:00,315.777.6549
14,1100187155,0 days 00:06:00.000000000,2018-06-02 08:53:00,311.487.6976
15,1100162212,0 days 00:05:00.000000000,2018-06-02 11:06:00,301.009.5672
16,1100135341,0 days 00:06:00.000000000,2018-06-03 18:44:00,301.009.5672
17,1100123311,0 days 00:01:00.000000000,2018-06-03 18:10:00,300.227.8739
18,1100135278,0 days 00:05:00.000000000,2018-06-03 18:58:00,315.777.6549
19,1100135459,0 days 00:06:00.000000000,2018-06-03 18:30:00,300.227.8739
20,1100187554,0 days 00:02:00.000000000,2018-06-03 12:14:00,301.009.5672
21,1100162881,0 days 00:02:00.000000000,2018-06-03 20:46:00,311.487.6976
22,1100187407,0 days 00:01:00.000000000,2018-06-03 22:21:00,315.777.6549
23,1100162787,0 days 00:04:00.000000000,2018-06-03 12:52:00,315.777.6549
24,1100162276,0 days 00:04:00.000000000,2018-06-03 13:12:00,315.777.6549
25,1100123198,0 days 00:04:00.000000000,2018-06-04 16:41:00,311.487.6976
26,1100135825,0 days 00:06:00.000000000,2018-06-04 17:25:00,311.487.6976
27,1100187169,0 days 00:04:00.000000000,2018-06-04 06:55:00,311.487.6976
28,1100135828,0 days 00:01:00.000000000,2018-06-04 17:23:00,315.777.6549
29,1100162384,0 days 00:06:00.000000000,2018-06-04 08:11:00,311.487.6976
30,1100162525,0 days 00:03:00.000000000,2018-06-04 18:34:00,311.487.6976
31,1100162108,0 days 00:04:00.000000000,2018-06-04 10:08:00,300.227.8739
32,1100162166,0 days 00:06:00.000000000,2018-06-04 15:52:00,315.777.6549
33,1100162869,0 days 00:06:00.000000000,2018-06-05 19:30:00,315.777.6549
34,1100162361,0 days 00:02:00.000000000,2018-06-05 12:30:00,315.777.6549
35,1100162266,0 days 00:06:00.000000000,2018-06-05 12:44:00,300.227.8739
36,1100123379,0 days 00:06:00.000000000,2018-06-05 11:54:00,315.777.6549
37,1100187770,0 days 00:03:00.000000000,2018-06-06 22:05:00,315.777.6549
38,1100187886,0 days 00:05:00.000000000,2018-06-06 08:30:00,315.777.6549
39,1100135851,0 days 00:03:00.000000000,2018-06-06 12:49:00,315.777.6549
40,1100135161,0 days 00:05:00.000000000,2018-06-06 09:58:00,301.009.5672
41,1100187621,0 days 00:06:00.000000000,2018-06-06 06:54:00,315.777.6549
42,1100135650,0 days 00:04:00.000000000,2018-06-06 12:01:00,315.777.6549
43,1100162533,0 days 00:05:00.000000000,2018-06-06 14:24:00,311.487.6976
44,1100135660,0 days 00:06:00.000000000,2018-06-06 08:16:00,311.487.6976
45,1100135569,0 days 00:04:00.000000000,2018-06-07 15:36:00,311.487.6976
46,1100135523,0 days 00:03:00.000000000,2018-06-07 18:51:00,301.009.5672
47,1100135239,0 days 00:01:00.000000000,2018-06-07 07:41:00,300.227.8739
48,1100162431,0 days 00:01:00.000000000,2018-06-07 18:30:00,300.227.8739
49,1100162857,0 days 00:05:00.000000000,2018-06-07 17:46:00,300.227.8739
50,1100162835,0 days 00:03:00.000000000,2018-06-07 22:23:00,300.227.8739
51,1100187449,0 days 00:03:00.000000000,2018-06-08 08:09:00,301.009.5672
52,1100123176,0 days 00:02:00.000000000,2018-06-08 15:04:00,315.777.6549
53,1100123651,0 days 00:02:00.000000000,2018-06-08 06:08:00,315.777.6549
54,1100123338,0 days 00:03:00.000000000,2018-06-08 13:27:00,311.487.6976
55,1100123573,0 days 00:04:00.000000000,2018-06-08 16:33:00,301.009.5672
56,1100162580,0 days 00:03:00.000000000,2018-06-08 15:19:00,315.777.6549
57,1100123325,0 days 00:02:00.000000000,2018-06-08 19:29:00,301.009.5672
58,1100123664,0 days 00:01:00.000000000,2018-06-08 06:40:00,301.009.5672
59,1100123325,0 days 00:02:00.000000000,2018-06-09 19:14:00,315.777.6549
60,1100187560,0 days 00:06:00.000000000,2018-06-09 10:01:00,301.009.5672
61,1100123861,0 days 00:05:00.000000000,2018-06-09 10:29:00,301.009.5672
62,1100123282,0 days 00:05:00.000000000,2018-06-09 20:27:00,315.777.6549
63,1100162519,0 days 00:01:00.000000000,2018-06-10 18:45:00,315.777.6549
64,1100162192,0 days 00:02:00.000000000,2018-06-10 07:26:00,301.009.5672
65,1100135303,0 days 00:04:00.000000000,2018-06-10 11:51:00,315.777.6549
66,1100162660,0 days 00:04:00.000000000,2018-06-10 07:08:00,311.487.6976
67,1100123743,0 days 00:04:00.000000000,2018-06-10 12:50:00,311.487.6976
68,1100187302,0 days 00:04:00.000000000,2018-06-10 07:41:00,315.777.6549
69,1100162493,0 days 00:02:00.000000000,2018-06-10 07:16:00,311.487.6976
70,1100162405,0 days 00:05:00.000000000,2018-06-10 13:36:00,301.009.5672
71,1100135170,0 days 00:06:00.000000000,2018-06-11 14:46:00,301.009.5672
72,1100187242,0 days 00:01:00.000000000,2018-06-11 11:08:00,315.777.6549
73,1100123397,0 days 00:06:00.000000000,2018-06-11 16:04:00,315.777.6549
74,1100162866,0 days 00:06:00.000000000,2018-06-11 10:33:00,315.777.6549
75,1100162737,0 days 00:01:00.000000000,2018-06-11 17:02:00,301.009.5672
76,1100187421,0 days 00:06:00.000000000,2018-06-11 16:17:00,301.009.5672
77,1100135432,0 days 00:05:00.000000000,2018-06-11 15:58:00,311.487.6976
78,1100187620,0 days 00:02:00.000000000,2018-06-12 18:25:00,315.777.6549
79,1100187812,0 days 00:05:00.000000000,2018-06-12 13:00:00,311.487.6976
80,1100187739,0 days 00:05:00.000000000,2018-06-12 16:12:00,315.777.6549
81,1100135704,0 days 00:02:00.000000000,2018-06-12 19:54:00,311.487.6976
82,1100135793,0 days 00:01:00.000000000,2018-06-12 16:37:00,301.009.5672
83,1100187804,0 days 00:03:00.000000000,2018-06-12 20:38:00,315.777.6549
84,1100135365,0 days 00:05:00.000000000,2018-06-12 20:20:00,301.009.5672
85,1100135820,0 days 00:01:00.000000000,2018-06-13 07:40:00,315.777.6549
86,1100135412,0 days 00:02:00.000000000,2018-06-13 08:14:00,311.487.6976
87,1100162521,0 days 00:02:00.000000000,2018-06-13 08:00:00,315.777.6549
88,1100135653,0 days 00:06:00.000000000,2018-06-13 11:10:00,300.227.8739
89,1100162636,0 days 00:03:00.000000000,2018-06-14 17:29:00,311.487.6976
90,1100135851,0 days 00:03:00.000000000,2018-06-14 12:12:00,301.009.5672
91,1100135143,0 days 00:05:00.000000000,2018-06-14 09:40:00,315.777.6549
92,1100135258,0 days 00:05:00.000000000,2018-06-14 17:52:00,311.487.6976
93,1100135143,0 days 00:06:00.000000000,2018-06-15 11:34:00,300.227.8739
94,1100123345,0 days 00:02:00.000000000,2018-06-15 17:31:00,315.777.6549
95,1100135421,0 days 00:04:00.000000000,2018-06-15 19:27:00,315.777.6549
96,1100135766,0 days 00:06:00.000000000,2018-06-16 10:29:00,301.009.5672
97,1100187391,0 days 00:01:00.000000000,2018-06-16 16:06:00,315.777.6549
98,1100135463,0 days 00:05:00.000000000,2018-06-16 13:21:00,315.777.6549
99,1100123829,0 days 00:01:00.000000000,2018-06-16 17:34:00,315.777.6549
100,1100162140,0 days 00:05:00.000000000,2018-06-16 09:14:00,301.009.5672
101,1100162768,0 days 00:04:00.000000000,2018-06-16 20:19:00,315.777.6549
102,1100187387,0 days 00:02:00.000000000,2018-06-16 11:43:00,311.487.6976
103,1100123153,0 days 00:06:00.000000000,2018-06-17 13:19:00,301.009.5672
104,1100123609,0 days 00:06:00.000000000,2018-06-17 21:32:00,311.487.6976
105,1100135609,0 days 00:03:00.000000000,2018-06-17 20:53:00,301.009.5672
106,1100162223,0 days 00:06:00.000000000,2018-06-17 11:29:00,300.227.8739
107,1100162418,0 days 00:01:00.000000000,2018-06-18 07:32:00,311.487.6976
108,1100187587,0 days 00:05:00.000000000,2018-06-18 16:43:00,315.777.6549
109,1100162495,0 days 00:01:00.000000000,2018-06-18 18:18:00,311.487.6976
110,1100135237,0 days 00:05:00.000000000,2018-06-18 13:54:00,301.009.5672
111,1100162487,0 days 00:03:00.000000000,2018-06-18 06:18:00,311.487.6976
112,1100135346,0 days 00:02:00.000000000,2018-06-18 18:12:00,315.777.6549
113,1100135378,0 days 00:04:00.000000000,2018-06-18 08:48:00,315.777.6549
114,1100162504,0 days 00:03:00.000000000,2018-06-19 18:44:00,315.777.6549
115,1100162344,0 days 00:03:00.000000000,2018-06-19 18:48:00,301.009.5672
116,1100162188,0 days 00:03:00.000000000,2018-06-19 10:38:00,300.227.8739
117,1100162619,0 days 00:03:00.000000000,2018-06-20 18:18:00,300.227.8739
118,1100135246,0 days 00:06:00.000000000,2018-06-20 21:57:00,311.487.6976
119,1100135224,0 days 00:02:00.000000000,2018-06-20 13:10:00,300.227.8739
120,1100123404,0 days 00:03:00.000000000,2018-06-20 13:18:00,311.487.6976
121,1100135859,0 days 00:06:00.000000000,2018-06-20 20:57:00,300.227.8739
122,1100135473,0 days 00:02:00.000000000,2018-06-20 10:29:00,315.777.6549
123,1100135896,0 days 00:04:00.000000000,2018-06-20 19:53:00,301.009.5672
124,1100162649,0 days 00:05:00.000000000,2018-06-21 19:12:00,301.009.5672
125,1100135254,0 days 00:05:00.000000000,2018-06-21 22:30:00,315.777.6549
126,1100187392,0 days 00:03:00.000000000,2018-06-21 12:07:00,300.227.8739
127,1100135591,0 days 00:01:00.000000000,2018-06-21 22:13:00,315.777.6549
128,1100187818,0 days 00:02:00.000000000,2018-06-21 14:09:00,315.777.6549
129,1100162488,0 days 00:01:00.000000000,2018-06-21 20:11:00,315.777.6549
130,1100135459,0 days 00:04:00.000000000,2018-06-21 12:39:00,315.777.6549
131,1100123632,0 days 00:06:00.000000000,2018-06-21 07:38:00,315.777.6549
132,1100162667,0 days 00:04:00.000000000,2018-06-21 17:52:00,315.777.6549
133,1100123195,0 days 00:06:00.000000000,2018-06-22 21:58:00,300.227.8739
134,1100135875,0 days 00:05:00.000000000,2018-06-22 07:36:00,300.227.8739
135,1100135467,0 days 00:06:00.000000000,2018-06-22 12:39:00,315.777.6549
136,1100135177,0 days 00:01:00.000000000,2018-06-22 12:37:00,301.009.5672
137,1100187383,0 days 00:02:00.000000000,2018-06-22 22:26:00,311.487.6976
138,1100135281,0 days 00:02:00.000000000,2018-06-22 10:16:00,311.487.6976
139,1100135144,0 days 00:03:00.000000000,2018-06-22 06:26:00,311.487.6976
140,1100162433,0 days 00:05:00.000000000,2018-06-22 07:48:00,315.777.6549
141,1100162731,0 days 00:06:00.000000000,2018-06-23 20:45:00,311.487.6976
142,1100123617,0 days 00:05:00.000000000,2018-06-23 19:35:00,301.009.5672
143,1100162347,0 days 00:06:00.000000000,2018-06-23 14:57:00,301.009.5672
144,1100123772,0 days 00:02:00.000000000,2018-06-23 12:54:00,315.777.6549
145,1100187543,0 days 00:01:00.000000000,2018-06-23 10:13:00,300.227.8739
146,1100162481,0 days 00:06:00.000000000,2018-06-23 22:04:00,311.487.6976
147,1100162820,0 days 00:05:00.000000000,2018-06-23 21:00:00,300.227.8739
148,1100135676,0 days 00:02:00.000000000,2018-06-24 17:59:00,315.777.6549
149,1100187421,0 days 00:02:00.000000000,2018-06-24 09:11:00,311.487.6976
150,1100135831,0 days 00:04:00.000000000,2018-06-24 13:23:00,300.227.8739
151,1100187764,0 days 00:06:00.000000000,2018-06-24 10:23:00,300.227.8739
152,1100135198,0 days 00:06:00.000000000,2018-06-24 16:59:00,315.777.6549
153,1100135328,0 days 00:03:00.000000000,2018-06-24 06:55:00,315.777.6549
154,1100187282,0 days 00:02:00.000000000,2018-06-24 06:23:00,311.487.6976
155,1100162813,0 days 00:03:00.000000000,2018-06-24 16:06:00,311.487.6976
156,1100162206,0 days 00:03:00.000000000,2018-06-24 14:08:00,315.777.6549
157,1100135764,0 days 00:03:00.000000000,2018-06-25 13:16:00,311.487.6976
158,1100187209,0 days 00:05:00.000000000,2018-06-25 11:15:00,315.777.6549
159,1100135228,0 days 00:03:00.000000000,2018-06-25 08:26:00,311.487.6976
160,1100123790,0 days 00:06:00.000000000,2018-06-25 15:31:00,301.009.5672
161,1100135189,0 days 00:01:00.000000000,2018-06-25 11:16:00,300.227.8739
162,1100135602,0 days 00:02:00.000000000,2018-06-25 10:41:00,315.777.6549
163,1100187253,0 days 00:05:00.000000000,2018-06-25 10:32:00,311.487.6976
164,1100135159,0 days 00:01:00.000000000,2018-06-25 21:07:00,300.227.8739
165,1100123103,0 days 00:02:00.000000000,2018-06-26 08:33:00,301.009.5672
166,1100162504,0 days 00:06:00.000000000,2018-06-26 06:21:00,301.009.5672
167,1100135483,0 days 00:06:00.000000000,2018-06-26 06:12:00,315.777.6549
168,1100162364,0 days 00:05:00.000000000,2018-06-26 19:06:00,311.487.6976
169,1100187259,0 days 00:04:00.000000000,2018-06-26 12:48:00,315.777.6549
170,1100135128,0 days 00:02:00.000000000,2018-06-26 08:41:00,301.009.5672
171,1100187717,0 days 00:05:00.000000000,2018-06-26 19:26:00,301.009.5672
172,1100135836,0 days 00:05:00.000000000,2018-06-26 14:58:00,311.487.6976
173,1100187717,0 days 00:03:00.000000000,2018-06-27 09:13:00,301.009.5672
174,1100162626,0 days 00:03:00.000000000,2018-06-27 10:50:00,315.777.6549
175,1100135531,0 days 00:02:00.000000000,2018-06-27 17:01:00,300.227.8739
176,1100187210,0 days 00:05:00.000000000,2018-06-27 18:09:00,301.009.5672
177,1100123596,0 days 00:02:00.000000000,2018-06-27 07:54:00,315.777.6549
178,1100123304,0 days 00:03:00.000000000,2018-06-27 15:37:00,315.777.6549
179,1100135614,0 days 00:03:00.000000000,2018-06-27 09:23:00,315.777.6549
180,1100123830,0 days 00:01:00.000000000,2018-06-28 15:31:00,315.777.6549
181,1100123827,0 days 00:05:00.000000000,2018-06-28 13:48:00,315.777.6549
182,1100187860,0 days 00:06:00.000000000,2018-06-28 12:52:00,311.487.6976
183,1100162277,0 days 00:02:00.000000000,2018-06-28 22:24:00,315.777.6549
184,1100187764,0 days 00:03:00.000000000,2018-06-28 19:24:00,311.487.6976
185,1100162634,0 days 00:05:00.000000000,2018-06-28 08:30:00,311.487.6976
186,1100187169,0 days 00:05:00.000000000,2018-06-28 13:37:00,301.009.5672
187,1100187465,0 days 00:02:00.000000000,2018-06-29 14:55:00,315.777.6549
188,1100135766,0 days 00:02:00.000000000,2018-06-29 08:30:00,301.009.5672
189,1100123822,0 days 00:01:00.000000000,2018-06-29 16:35:00,315.777.6549
190,1100135851,0 days 00:02:00.000000000,2018-06-29 13:28:00,301.009.5672
191,1100162466,0 days 00:05:00.000000000,2018-06-29 07:36:00,300.227.8739
192,1100135205,0 days 00:03:00.000000000,2018-06-29 16:29:00,315.777.6549
193,1100135678,0 days 00:02:00.000000000,2018-06-29 17:16:00,311.487.6976
194,1100123562,0 days 00:06:00.000000000,2018-06-29 20:07:00,301.009.5672
195,1100162806,0 days 00:01:00.000000000,2018-06-30 10:23:00,311.487.6976
196,1100135568,0 days 00:01:00.000000000,2018-06-30 17:23:00,301.009.5672
197,1100187565,0 days 00:04:00.000000000,2018-06-30 22:31:00,301.009.5672
198,1100187360,0 days 00:01:00.000000000,2018-07-01 20:23:00,301.009.5672
199,1100135702,0 days 00:01:00.000000000,2018-07-01 21:08:00,301.009.5672
200,1100187322,0 days 00:03:00.000000000,2018-07-01 10:27:00,315.777.6549
201,1100123457,0 days 00:04:00.000000000,2018-07-01 07:16:00,301.009.5672
202,1100162534,0 days 00:04:00.000000000,2018-07-02 21:56:00,300.227.8739
203,1100135792,0 days 00:02:00.000000000,2018-07-02 16:40:00,301.009.5672
204,1100135750,0 days 00:06:00.000000000,2018-07-02 11:12:00,301.009.5672
205,1100123293,0 days 00:02:00.000000000,2018-07-02 11:54:00,315.777.6549
206,1100162388,0 days 00:04:00.000000000,2018-07-02 10:20:00,301.009.5672
207,1100162287,0 days 00:05:00.000000000,2018-07-02 20:02:00,301.009.5672
208,1100135608,0 days 00:06:00.000000000,2018-07-02 14:52:00,311.487.6976
209,1100135897,0 days 00:01:00.000000000,2018-07-02 13:17:00,301.009.5672
210,1100162256,0 days 00:05:00.000000000,2018-07-03 19:55:00,311.487.6976
211,1100162629,0 days 00:05:00.000000000,2018-07-03 10:32:00,301.009.5672
212,1100162693,0 days 00:05:00.000000000,2018-07-03 13:30:00,315.777.6549
213,1100135103,0 days 00:06:00.000000000,2018-07-03 09:44:00,315.777.6549
214,1100187603,0 days 00:04:00.000000000,2018-07-03 10:00:00,301.009.5672
215,1100187653,0 days 00:02:00.000000000,2018-07-04 19:36:00,315.777.6549
216,1100162833,0 days 00:04:00.000000000,2018-07-04 21:40:00,311.487.6976
217,1100135450,0 days 00:04:00.000000000,2018-07-04 17:17:00,315.777.6549
218,1100135454,0 days 00:04:00.000000000,2018-07-04 09:00:00,315.777.6549
219,1100123284,0 days 00:02:00.000000000,2018-07-04 22:05:00,301.009.5672
220,1100162565,0 days 00:03:00.000000000,2018-07-04 17:59:00,311.487.6976
221,1100135889,0 days 00:02:00.000000000,2018-07-04 15:52:00,315.777.6549
222,1100187545,0 days 00:03:00.000000000,2018-07-04 09:31:00,301.009.5672
223,1100162835,0 days 00:04:00.000000000,2018-07-05 21:55:00,311.487.6976
224,1100123550,0 days 00:06:00.000000000,2018-07-05 13:02:00,315.777.6549
225,1100162707,0 days 00:01:00.000000000,2018-07-05 17:52:00,315.777.6549
226,1100162258,0 days 00:03:00.000000000,2018-07-05 09:03:00,311.487.6976
227,1100123517,0 days 00:06:00.000000000,2018-07-05 20:48:00,315.777.6549
228,1100135795,0 days 00:03:00.000000000,2018-07-05 14:03:00,311.487.6976
229,1100187193,0 days 00:03:00.000000000,2018-07-05 07:39:00,311.487.6976
230,1100135674,0 days 00:04:00.000000000,2018-07-06 22:23:00,315.777.6549
231,1100187154,0 days 00:04:00.000000000,2018-07-06 15:43:00,315.777.6549
232,1100135379,0 days 00:04:00.000000000,2018-07-06 22:34:00,301.009.5672
233,1100135490,0 days 00:04:00.000000000,2018-07-06 13:35:00,300.227.8739
234,1100123808,0 days 00:01:00.000000000,2018-07-06 18:42:00,311.487.6976
235,1100162643,0 days 00:02:00.000000000,2018-07-06 10:29:00,300.227.8739
236,1100135162,0 days 00:06:00.000000000,2018-07-07 09:36:00,315.777.6549
237,1100135887,0 days 00:03:00.000000000,2018-07-07 08:35:00,311.487.6976
238,1100162595,0 days 00:06:00.000000000,2018-07-07 10:05:00,315.777.6549
239,1100135218,0 days 00:03:00.000000000,2018-07-07 17:26:00,311.487.6976
240,1100162689,0 days 00:04:00.000000000,2018-07-07 11:17:00,315.777.6549
241,1100135772,0 days 00:03:00.000000000,2018-07-07 22:31:00,301.009.5672
242,1100135804,0 days 00:02:00.000000000,2018-07-08 06:31:00,301.009.5672
243,1100162435,0 days 00:02:00.000000000,2018-07-08 22:15:00,311.487.6976
244,1100162564,0 days 00:02:00.000000000,2018-07-08 09:40:00,301.009.5672
245,1100123481,0 days 00:06:00.000000000,2018-07-08 16:14:00,301.009.5672
246,1100162293,0 days 00:06:00.000000000,2018-07-08 21:25:00,300.227.8739
247,1100162108,0 days 00:01:00.000000000,2018-07-08 20:59:00,315.777.6549
248,1100135427,0 days 00:04:00.000000000,2018-07-08 09:00:00,311.487.6976
249,1100162493,0 days 00:05:00.000000000,2018-07-08 17:34:00,311.487.6976
250,1100162328,0 days 00:03:00.000000000,2018-07-08 21:54:00,311.487.6976
251,1100162642,0 days 00:06:00.000000000,2018-07-09 12:02:00,311.487.6976
252,1100162484,0 days 00:02:00.000000000,2018-07-09 17:53:00,301.009.5672
253,1100123274,0 days 00:02:00.000000000,2018-07-09 17:10:00,315.777.6549
254,1100162704,0 days 00:06:00.000000000,2018-07-09 10:21:00,311.487.6976
255,1100187744,0 days 00:01:00.000000000,2018-07-09 11:28:00,311.487.6976
256,1100162358,0 days 00:02:00.000000000,2018-07-10 16:25:00,315.777.6549
257,1100162519,0 days 00:04:00.000000000,2018-07-10 17:02:00,300.227.8739
258,1100187687,0 days 00:03:00.000000000,2018-07-10 11:05:00,315.777.6549
259,1100135212,0 days 00:03:00.000000000,2018-07-10 22:07:00,301.009.5672
260,1100162436,0 days 00:02:00.000000000,2018-07-10 06:56:00,300.227.8739
261,1100187293,0 days 00:05:00.000000000,2018-07-10 14:18:00,311.487.6976
262,1100135692,0 days 00:06:00.000000000,2018-07-11 08:24:00,301.009.5672
263,1100187251,0 days 00:02:00.000000000,2018-07-11 11:33:00,311.487.6976
264,1100135812,0 days 00:03:00.000000000,2018-07-11 07:43:00,311.487.6976
265,1100162570,0 days 00:03:00.000000000,2018-07-11 11:14:00,301.009.5672
266,1100123183,0 days 00:03:00.000000000,2018-07-11 17:09:00,315.777.6549
267,1100135528,0 days 00:04:00.000000000,2018-07-11 11:40:00,315.777.6549
268,1100135263,0 days 00:04:00.000000000,2018-07-11 22:12:00,301.009.5672
269,1100162847,0 days 00:06:00.000000000,2018-07-11 18:51:00,315.777.6549
270,1100123437,0 days 00:03:00.000000000,2018-07-11 18:13:00,301.009.5672
271,1100135291,0 days 00:05:00.000000000,2018-07-12 21:10:00,301.009.5672
272,1100162739,0 days 00:06:00.000000000,2018-07-12 15:55:00,301.009.5672
273,1100162518,0 days 00:04:00.000000000,2018-07-12 07:21:00,311.487.6976
274,1100135888,0 days 00:06:00.000000000,2018-07-12 21:07:00,301.009.5672
275,1100135706,0 days 00:04:00.000000000,2018-07-12 15:49:00,311.487.6976
276,1100135295,0 days 00:04:00.000000000,2018-07-13 20:47:00,301.009.5672
277,1100162786,0 days 00:02:00.000000000,2018-07-13 18:30:00,301.009.5672
278,1100187606,0 days 00:06:00.000000000,2018-07-13 16:48:00,315.777.6549
279,1100135705,0 days 00:05:00.000000000,2018-07-13 11:05:00,311.487.6976
280,1100187368,0 days 00:02:00.000000000,2018-07-13 19:46:00,315.777.6549
281,1100135762,0 days 00:01:00.000000000,2018-07-14 10:26:00,315.777.6549
282,1100123725,0 days 00:03:00.000000000,2018-07-14 12:52:00,301.009.5672
283,1100135439,0 days 00:06:00.000000000,2018-07-14 10:06:00,315.777.6549
284,1100187692,0 days 00:01:00.000000000,2018-07-15 19:11:00,315.777.6549
285,1100135487,0 days 00:04:00.000000000,2018-07-15 09:24:00,315.777.6549
286,1100162448,0 days 00:02:00.000000000,2018-07-15 21:00:00,300.227.8739
287,1100135810,0 days 00:05:00.000000000,2018-07-15 22:33:00,301.009.5672
288,1100187132,0 days 00:03:00.000000000,2018-07-15 14:46:00,300.227.8739
289,1100162108,0 days 00:05:00.000000000,2018-07-15 15:15:00,315.777.6549
290,1100162561,0 days 00:05:00.000000000,2018-07-15 06:40:00,301.009.5672
291,1100162322,0 days 00:05:00.000000000,2018-07-15 19:05:00,315.777.6549
292,1100162627,0 days 00:06:00.000000000,2018-07-15 11:09:00,315.777.6549
293,1100187200,0 days 00:06:00.000000000,2018-07-16 22:21:00,315.777.6549
294,1100162682,0 days 00:05:00.000000000,2018-07-16 21:08:00,315.777.6549
295,1100162701,0 days 00:03:00.000000000,2018-07-16 16:17:00,315.777.6549
296,1100123394,0 days 00:02:00.000000000,2018-07-16 11:29:00,315.777.6549
297,1100123730,0 days 00:02:00.000000000,2018-07-17 07:16:00,301.009.5672
298,1100162198,0 days 00:05:00.000000000,2018-07-17 18:09:00,315.777.6549
299,1100162547,0 days 00:06:00.000000000,2018-07-17 06:03:00,311.487.6976
300,1100162304,0 days 00:01:00.000000000,2018-07-17 11:09:00,311.487.6976
301,1100162587,0 days 00:02:00.000000000,2018-07-17 20:14:00,315.777.6549
302,1100135559,0 days 00:06:00.000000000,2018-07-18 11:52:00,315.777.6549
303,1100187721,0 days 00:06:00.000000000,2018-07-18 21:19:00,311.487.6976
304,1100123528,0 days 00:03:00.000000000,2018-07-18 18:03:00,301.009.5672
305,1100187209,0 days 00:05:00.000000000,2018-07-18 10:57:00,315.777.6549
306,1100135356,0 days 00:06:00.000000000,2018-07-18 20:51:00,315.777.6549
307,1100135148,0 days 00:03:00.000000000,2018-07-18 16:39:00,315.777.6549
308,1100123465,0 days 00:05:00.000000000,2018-07-18 09:05:00,311.487.6976
309,1100123426,0 days 00:02:00.000000000,2018-07-18 19:45:00,301.009.5672
310,1100123290,0 days 00:03:00.000000000,2018-07-18 18:42:00,301.009.5672
311,1100135393,0 days 00:01:00.000000000,2018-07-19 13:50:00,311.487.6976
312,1100123745,0 days 00:05:00.000000000,2018-07-19 17:42:00,315.777.6549
313,1100123523,0 days 00:04:00.000000000,2018-07-19 13:48:00,315.777.6549
314,1100135338,0 days 00:01:00.000000000,2018-07-19 11:17:00,311.487.6976
315,1100135155,0 days 00:02:00.000000000,2018-07-19 20:30:00,311.487.6976
316,1100162619,0 days 00:01:00.000000000,2018-07-19 22:25:00,301.009.5672
317,1100135296,0 days 00:03:00.000000000,2018-07-19 12:02:00,315.777.6549
318,1100135341,0 days 00:05:00.000000000,2018-07-20 18:50:00,300.227.8739
319,1100162104,0 days 00:05:00.000000000,2018-07-20 08:55:00,315.777.6549
320,1100187403,0 days 00:03:00.000000000,2018-07-20 17:04:00,300.227.8739
321,1100135860,0 days 00:06:00.000000000,2018-07-20 22:17:00,315.777.6549
322,1100135123,0 days 00:04:00.000000000,2018-07-20 09:06:00,315.777.6549
323,1100162794,0 days 00:06:00.000000000,2018-07-20 14:24:00,315.777.6549
324,1100123452,0 days 00:04:00.000000000,2018-07-20 21:09:00,311.487.6976
325,1100187868,0 days 00:01:00.000000000,2018-07-20 07:16:00,315.777.6549
326,1100123844,0 days 00:05:00.000000000,2018-07-21 20:48:00,300.227.8739
327,1100135782,0 days 00:02:00.000000000,2018-07-21 18:20:00,301.009.5672
328,1100187675,0 days 00:06:00.000000000,2018-07-21 18:09:00,315.777.6549
329,1100123825,0 days 00:05:00.000000000,2018-07-21 06:42:00,301.009.5672
330,1100187445,0 days 00:01:00.000000000,2018-07-21 19:17:00,300.227.8739
331,1100123604,0 days 00:01:00.000000000,2018-07-21 09:29:00,300.227.8739
332,1100187281,0 days 00:03:00.000000000,2018-07-22 07:19:00,301.009.5672
333,1100135138,0 days 00:03:00.000000000,2018-07-22 19:57:00,301.009.5672
334,1100123657,0 days 00:06:00.000000000,2018-07-22 09:19:00,315.777.6549
335,1100162320,0 days 00:03:00.000000000,2018-07-22 19:49:00,301.009.5672
336,1100187837,0 days 00:04:00.000000000,2018-07-22 08:44:00,311.487.6976
337,1100135895,0 days 00:05:00.000000000,2018-07-22 14:35:00,301.009.5672
338,1100162499,0 days 00:06:00.000000000,2018-07-22 18:59:00,300.227.8739
339,1100162158,0 days 00:06:00.000000000,2018-07-23 16:30:00,315.777.6549
340,1100135865,0 days 00:03:00.000000000,2018-07-23 12:08:00,315.777.6549
341,1100135380,0 days 00:03:00.000000000,2018-07-23 09:24:00,301.009.5672
342,1100162427,0 days 00:06:00.000000000,2018-07-23 16:33:00,315.777.6549
343,1100135700,0 days 00:03:00.000000000,2018-07-23 07:45:00,315.777.6549
344,1100123789,0 days 00:01:00.000000000,2018-07-23 09:41:00,315.777.6549
345,1100135809,0 days 00:06:00.000000000,2018-07-23 18:36:00,315.777.6549
346,1100162206,0 days 00:02:00.000000000,2018-07-23 17:22:00,300.227.8739
347,1100135160,0 days 00:03:00.000000000,2018-07-24 21:09:00,311.487.6976
348,1100123281,0 days 00:03:00.000000000,2018-07-24 18:54:00,315.777.6549
349,1100162414,0 days 00:01:00.000000000,2018-07-24 15:45:00,315.777.6549
350,1100135641,0 days 00:04:00.000000000,2018-07-24 11:39:00,300.227.8739
351,1100135148,0 days 00:04:00.000000000,2018-07-24 11:12:00,315.777.6549
352,1100187840,0 days 00:06:00.000000000,2018-07-24 21:19:00,315.777.6549
353,1100162425,0 days 00:05:00.000000000,2018-07-25 19:53:00,315.777.6549
354,1100187574,0 days 00:02:00.000000000,2018-07-25 13:53:00,315.777.6549
355,1100162833,0 days 00:06:00.000000000,2018-07-25 21:32:00,301.009.5672
356,1100123119,0 days 00:02:00.000000000,2018-07-26 09:56:00,311.487.6976
357,1100187677,0 days 00:06:00.000000000,2018-07-26 09:40:00,311.487.6976
358,1100123553,0 days 00:05:00.000000000,2018-07-26 20:11:00,311.487.6976
359,1100123103,0 days 00:02:00.000000000,2018-07-26 19:13:00,315.777.6549
360,1100135169,0 days 00:03:00.000000000,2018-07-27 12:00:00,315.777.6549
361,1100162228,0 days 00:06:00.000000000,2018-07-27 10:57:00,311.487.6976
362,1100162333,0 days 00:01:00.000000000,2018-07-27 18:23:00,301.009.5672
363,1100162189,0 days 00:04:00.000000000,2018-07-27 16:14:00,315.777.6549
364,1100187789,0 days 00:05:00.000000000,2018-07-27 22:21:00,311.487.6976
365,1100187166,0 days 00:03:00.000000000,2018-07-27 19:58:00,301.009.5672
366,1100135629,0 days 00:04:00.000000000,2018-07-27 11:47:00,315.777.6549
367,1100162394,0 days 00:05:00.000000000,2018-07-28 10:27:00,301.009.5672
368,1100135855,0 days 00:04:00.000000000,2018-07-28 18:09:00,301.009.5672
369,1100123880,0 days 00:04:00.000000000,2018-07-28 09:28:00,301.009.5672
370,1100187824,0 days 00:04:00.000000000,2018-07-28 08:55:00,311.487.6976
371,1100187580,0 days 00:03:00.000000000,2018-07-28 16:45:00,315.777.6549
372,1100135245,0 days 00:03:00.000000000,2018-07-28 21:57:00,311.487.6976
373,1100187803,0 days 00:05:00.000000000,2018-07-29 09:48:00,301.009.5672
374,1100123138,0 days 00:05:00.000000000,2018-07-29 08:19:00,315.777.6549
375,1100123508,0 days 00:02:00.000000000,2018-07-29 07:06:00,301.009.5672
376,1100135114,0 days 00:01:00.000000000,2018-07-29 09:27:00,315.777.6549
377,1100135373,0 days 00:03:00.000000000,2018-07-29 13:23:00,311.487.6976
378,1100162687,0 days 00:02:00.000000000,2018-07-29 08:58:00,315.777.6549
379,1100135502,0 days 00:03:00.000000000,2018-07-29 11:47:00,300.227.8739
380,1100162784,0 days 00:02:00.000000000,2018-07-29 09:41:00,311.487.6976
381,1100162417,0 days 00:06:00.000000000,2018-07-29 19:47:00,315.777.6549
382,1100135755,0 days 00:06:00.000000000,2018-07-30 06:15:00,300.227.8739
383,1100162124,0 days 00:04:00.000000000,2018-07-30 18:22:00,311.487.6976
384,1100187123,0 days 00:05:00.000000000,2018-07-30 13:21:00,315.777.6549
385,1100187225,0 days 00:01:00.000000000,2018-07-30 10:46:00,311.487.6976
386,1100135582,0 days 00:06:00.000000000,2018-07-30 13:51:00,311.487.6976
387,1100162500,0 days 00:03:00.000000000,2018-07-30 08:55:00,311.487.6976
388,1100135815,0 days 00:06:00.000000000,2018-07-30 11:05:00,311.487.6976
389,1100187279,0 days 00:06:00.000000000,2018-07-30 13:30:00,300.227.8739
390,1100162427,0 days 00:01:00.000000000,2018-07-30 20:09:00,315.777.6549
391,1100187766,0 days 00:01:00.000000000,2018-07-31 14:55:00,301.009.5672
392,1100135477,0 days 00:05:00.000000000,2018-07-31 22:37:00,300.227.8739
393,1100187176,0 days 00:02:00.000000000,2018-07-31 22:01:00,301.009.5672
394,1100135724,0 days 00:01:00.000000000,2018-07-31 21:35:00,301.009.5672
395,1100187290,0 days 00:02:00.000000000,2018-07-31 20:46:00,315.777.6549
396,1100135140,0 days 00:06:00.000000000,2018-07-31 11:00:00,301.009.5672
397,1100187716,0 days 00:04:00.000000000,2018-07-31 19:06:00,300.227.8739
398,1100135227,0 days 00:06:00.000000000,2018-08-01 08:46:00,301.009.5672
399,1100162894,0 days 00:01:00.000000000,2018-08-01 06:35:00,301.009.5672
400,1100123731,0 days 00:02:00.000000000,2018-08-01 07:26:00,301.009.5672
401,1100135635,0 days 00:02:00.000000000,2018-08-01 16:03:00,311.487.6976
402,1100123727,0 days 00:03:00.000000000,2018-08-01 11:58:00,315.777.6549
403,1100162771,0 days 00:04:00.000000000,2018-08-01 06:37:00,300.227.8739
404,1100123442,0 days 00:01:00.000000000,2018-08-02 20:18:00,315.777.6549
405,1100162220,0 days 00:04:00.000000000,2018-08-02 14:39:00,301.009.5672
406,1100123670,0 days 00:02:00.000000000,2018-08-02 16:45:00,311.487.6976
407,1100135399,0 days 00:06:00.000000000,2018-08-02 07:25:00,315.777.6549
408,1100187486,0 days 00:02:00.000000000,2018-08-02 16:32:00,315.777.6549
409,2367262278,0 days 00:03:00.000000000,2018-08-03 17:34:00,311.487.6976
410,2367235377,0 days 00:02:00.000000000,2018-08-03 21:32:00,315.777.6549
411,2367262534,0 days 00:03:00.000000000,2018-08-03 21:55:00,315.777.6549
412,2367262818,0 days 00:01:00.000000000,2018-08-03 08:09:00,300.227.8739
413,2367262609,0 days 00:04:00.000000000,2018-08-03 07:39:00,311.487.6976
414,2367262437,0 days 00:05:00.000000000,2018-08-04 13:30:00,315.777.6549
415,2367262557,0 days 00:03:00.000000000,2018-08-04 12:20:00,301.009.5672
416,2367262264,0 days 00:04:00.000000000,2018-08-04 08:08:00,301.009.5672
417,2367262571,0 days 00:05:00.000000000,2018-08-05 21:06:00,301.009.5672
418,2367287325,0 days 00:04:00.000000000,2018-08-05 08:33:00,315.777.6549
419,1100162549,0 days 00:06:00.000000000,2018-08-06 08:51:00,300.227.8739
420,1100135110,0 days 00:03:00.000000000,2018-08-06 09:41:00,301.009.5672
421,1100162242,0 days 00:02:00.000000000,2018-08-06 09:56:00,301.009.5672
422,1100123122,0 days 00:05:00.000000000,2018-08-06 15:04:00,301.009.5672
423,1100135430,0 days 00:01:00.000000000,2018-08-06 09:55:00,315.777.6549
424,1100162847,0 days 00:01:00.000000000,2018-08-06 12:12:00,315.777.6549
425,1100187197,0 days 00:05:00.000000000,2018-08-06 16:21:00,311.487.6976
426,1100187227,0 days 00:02:00.000000000,2018-08-06 12:26:00,315.777.6549
427,1100162501,0 days 00:06:00.000000000,2018-08-07 11:39:00,315.777.6549
428,1100162445,0 days 00:02:00.000000000,2018-08-07 12:06:00,315.777.6549
429,1100162883,0 days 00:02:00.000000000,2018-08-07 10:04:00,301.009.5672
430,1100123796,0 days 00:05:00.000000000,2018-08-07 14:37:00,301.009.5672
431,1100135193,0 days 00:03:00.000000000,2018-08-07 17:42:00,300.227.8739
432,1100135210,0 days 00:06:00.000000000,2018-08-07 19:12:00,315.777.6549
433,1100123792,0 days 00:01:00.000000000,2018-08-07 07:34:00,301.009.5672
434,1100135645,0 days 00:03:00.000000000,2018-08-07 09:38:00,315.777.6549
435,1100187759,0 days 00:03:00.000000000,2018-08-07 22:12:00,315.777.6549
436,1100162752,0 days 00:06:00.000000000,2018-08-08 19:08:00,311.487.6976
437,1100187479,0 days 00:04:00.000000000,2018-08-08 15:50:00,301.009.5672
438,1100135326,0 days 00:04:00.000000000,2018-08-08 20:25:00,300.227.8739
439,1100162886,0 days 00:02:00.000000000,2018-08-08 17:25:00,315.777.6549
440,1100187565,0 days 00:05:00.000000000,2018-08-08 10:59:00,301.009.5672
441,1100123417,0 days 00:04:00.000000000,2018-08-08 09:56:00,315.777.6549
442,1100135843,0 days 00:04:00.000000000,2018-08-08 19:36:00,300.227.8739
443,1100123363,0 days 00:01:00.000000000,2018-08-08 07:58:00,315.777.6549
444,1100162557,0 days 00:06:00.000000000,2018-08-08 13:37:00,301.009.5672
445,1100123518,0 days 00:03:00.000000000,2018-08-09 14:42:00,300.227.8739
446,1100135841,0 days 00:05:00.000000000,2018-08-09 18:03:00,300.227.8739
447,1100187487,0 days 00:04:00.000000000,2018-08-09 20:05:00,315.777.6549
448,1100135300,0 days 00:06:00.000000000,2018-08-09 22:02:00,311.487.6976
449,1100187217,0 days 00:06:00.000000000,2018-08-09 06:41:00,311.487.6976
450,1100135808,0 days 00:04:00.000000000,2018-08-09 11:24:00,311.487.6976
451,1100123881,0 days 00:04:00.000000000,2018-08-09 11:00:00,315.777.6549
452,1100135517,0 days 00:04:00.000000000,2018-08-09 07:36:00,301.009.5672
453,1100135393,0 days 00:02:00.000000000,2018-08-09 16:46:00,315.777.6549
454,1100123889,0 days 00:06:00.000000000,2018-08-10 08:54:00,300.227.8739
455,1100135430,0 days 00:02:00.000000000,2018-08-10 14:30:00,301.009.5672
456,1100135358,0 days 00:01:00.000000000,2018-08-10 16:51:00,301.009.5672
457,1100162360,0 days 00:05:00.000000000,2018-08-10 19:14:00,311.487.6976
458,1100135209,0 days 00:02:00.000000000,2018-08-10 22:33:00,301.009.5672
459,1100162611,0 days 00:04:00.000000000,2018-08-10 10:12:00,301.009.5672
460,1100187170,0 days 00:01:00.000000000,2018-08-10 19:02:00,311.487.6976
461,1100162379,0 days 00:02:00.000000000,2018-08-10 12:07:00,315.777.6549
462,1100162879,0 days 00:05:00.000000000,2018-08-10 09:09:00,315.777.6549
463,1100162685,0 days 00:05:00.000000000,2018-08-11 11:09:00,301.009.5672
464,1100187699,0 days 00:06:00.000000000,2018-08-11 17:32:00,301.009.5672
465,1100162115,0 days 00:03:00.000000000,2018-08-11 20:21:00,311.487.6976
466,1100135895,0 days 00:02:00.000000000,2018-08-11 20:14:00,301.009.5672
467,1100135165,0 days 00:04:00.000000000,2018-08-11 06:33:00,315.777.6549
468,1100187146,0 days 00:03:00.000000000,2018-08-11 18:21:00,311.487.6976
469,1100135580,0 days 00:02:00.000000000,2018-08-12 12:51:00,301.009.5672
470,1100135611,0 days 00:01:00.000000000,2018-08-12 17:18:00,315.777.6549
471,1100135767,0 days 00:04:00.000000000,2018-08-12 12:07:00,315.777.6549
472,1100162171,0 days 00:04:00.000000000,2018-08-12 18:12:00,301.009.5672
473,1100162188,0 days 00:02:00.000000000,2018-08-12 20:18:00,301.009.5672
474,1100135105,0 days 00:02:00.000000000,2018-08-12 17:15:00,315.777.6549
475,1100123111,0 days 00:05:00.000000000,2018-08-12 20:43:00,315.777.6549
476,1100162392,0 days 00:02:00.000000000,2018-08-13 06:14:00,311.487.6976
477,1100187331,0 days 00:04:00.000000000,2018-08-13 18:41:00,315.777.6549
478,1100135400,0 days 00:05:00.000000000,2018-08-13 10:29:00,300.227.8739
479,1100135324,0 days 00:05:00.000000000,2018-08-13 10:08:00,315.777.6549
480,1100162324,0 days 00:04:00.000000000,2018-08-13 13:21:00,315.777.6549
481,1100135147,0 days 00:02:00.000000000,2018-08-13 12:43:00,301.009.5672
482,1100123691,0 days 00:03:00.000000000,2018-08-13 10:30:00,315.777.6549
483,1100135548,0 days 00:01:00.000000000,2018-08-13 08:06:00,315.777.6549
484,1100162214,0 days 00:05:00.000000000,2018-08-13 20:57:00,315.777.6549
485,1100162685,0 days 00:05:00.000000000,2018-08-14 09:59:00,301.009.5672
486,1100135226,0 days 00:05:00.000000000,2018-08-14 17:57:00,301.009.5672
487,1100135383,0 days 00:03:00.000000000,2018-08-14 12:14:00,301.009.5672
488,1100123787,0 days 00:03:00.000000000,2018-08-14 22:02:00,300.227.8739
489,1100162598,0 days 00:05:00.000000000,2018-08-14 08:34:00,315.777.6549
490,1100162103,0 days 00:04:00.000000000,2018-08-14 20:29:00,315.777.6549
491,1100123619,0 days 00:03:00.000000000,2018-08-14 11:50:00,315.777.6549
492,1100123128,0 days 00:02:00.000000000,2018-08-15 08:29:00,301.009.5672
493,1100162129,0 days 00:06:00.000000000,2018-08-15 08:00:00,311.487.6976
494,1100135646,0 days 00:01:00.000000000,2018-08-15 10:54:00,315.777.6549
495,1100187799,0 days 00:02:00.000000000,2018-08-15 21:39:00,315.777.6549
496,1100187681,0 days 00:01:00.000000000,2018-08-15 16:58:00,315.777.6549
497,1100135427,0 days 00:01:00.000000000,2018-08-16 18:22:00,315.777.6549
498,1100162756,0 days 00:05:00.000000000,2018-08-16 06:52:00,315.777.6549
499,1100162445,0 days 00:06:00.000000000,2018-08-16 15:21:00,301.009.5672
500,1100123896,0 days 00:04:00.000000000,2018-08-16 07:22:00,301.009.5672
501,1100135308,0 days 00:05:00.000000000,2018-08-16 09:33:00,315.777.6549
502,1100123731,0 days 00:02:00.000000000,2018-08-16 10:04:00,300.227.8739
503,1100135691,0 days 00:02:00.000000000,2018-08-17 10:51:00,311.487.6976
504,1100187403,0 days 00:05:00.000000000,2018-08-17 12:42:00,301.009.5672
505,1100162625,0 days 00:04:00.000000000,2018-08-17 07:54:00,301.009.5672
506,1100187105,0 days 00:03:00.000000000,2018-08-17 17:20:00,301.009.5672
507,1100135160,0 days 00:05:00.000000000,2018-08-17 12:14:00,311.487.6976
508,1100162615,0 days 00:02:00.000000000,2018-08-17 08:10:00,301.009.5672
509,1100162541,0 days 00:04:00.000000000,2018-08-17 20:26:00,311.487.6976
510,1100162469,0 days 00:04:00.000000000,2018-08-17 16:11:00,315.777.6549
511,1100135771,0 days 00:05:00.000000000,2018-08-17 20:35:00,301.009.5672
512,1100162230,0 days 00:01:00.000000000,2018-08-18 14:13:00,311.487.6976
513,1100187561,0 days 00:05:00.000000000,2018-08-18 10:32:00,300.227.8739
514,1100162859,0 days 00:05:00.000000000,2018-08-18 15:31:00,301.009.5672
515,1100162325,0 days 00:03:00.000000000,2018-08-18 21:39:00,311.487.6976
516,1100123212,0 days 00:01:00.000000000,2018-08-18 16:33:00,315.777.6549
517,1100123554,0 days 00:03:00.000000000,2018-08-18 14:08:00,315.777.6549
518,1100123423,0 days 00:01:00.000000000,2018-08-18 18:31:00,301.009.5672
519,1100162672,0 days 00:03:00.000000000,2018-08-19 22:14:00,301.009.5672
520,1100135857,0 days 00:01:00.000000000,2018-08-19 06:13:00,315.777.6549
521,1100135684,0 days 00:02:00.000000000,2018-08-19 12:22:00,315.777.6549
522,1100162784,0 days 00:02:00.000000000,2018-08-19 10:40:00,301.009.5672
523,1100123833,0 days 00:01:00.000000000,2018-08-19 18:47:00,301.009.5672
524,1100187693,0 days 00:02:00.000000000,2018-08-19 21:31:00,311.487.6976
525,1100135393,0 days 00:04:00.000000000,2018-08-20 12:19:00,300.227.8739
526,1100187380,0 days 00:02:00.000000000,2018-08-20 16:54:00,315.777.6549
527,1100187306,0 days 00:01:00.000000000,2018-08-20 15:42:00,315.777.6549
528,1100135528,0 days 00:06:00.000000000,2018-08-20 14:19:00,315.777.6549
529,1100162246,0 days 00:02:00.000000000,2018-08-20 12:04:00,315.777.6549
530,1100162184,0 days 00:04:00.000000000,2018-08-20 10:28:00,300.227.8739
531,1100135763,0 days 00:06:00.000000000,2018-08-20 22:20:00,315.777.6549
532,1100162883,0 days 00:06:00.000000000,2018-08-20 11:48:00,300.227.8739
533,1100135177,0 days 00:02:00.000000000,2018-08-20 07:26:00,311.487.6976
534,1100135611,0 days 00:01:00.000000000,2018-08-21 14:50:00,300.227.8739
535,1100187823,0 days 00:03:00.000000000,2018-08-21 15:22:00,301.009.5672
536,1100135496,0 days 00:04:00.000000000,2018-08-21 08:29:00,301.009.5672
537,1100162776,0 days 00:02:00.000000000,2018-08-21 18:25:00,301.009.5672
538,1100162689,0 days 00:06:00.000000000,2018-08-21 11:57:00,300.227.8739
539,1100162868,0 days 00:04:00.000000000,2018-08-21 12:05:00,301.009.5672
540,1100135232,0 days 00:03:00.000000000,2018-08-21 12:19:00,311.487.6976
541,1100123187,0 days 00:01:00.000000000,2018-08-21 07:16:00,311.487.6976
542,1100162572,0 days 00:05:00.000000000,2018-08-21 19:49:00,315.777.6549
543,1100123701,0 days 00:03:00.000000000,2018-08-22 17:23:00,311.487.6976
544,1100135723,0 days 00:06:00.000000000,2018-08-22 09:16:00,311.487.6976
545,1100135528,0 days 00:05:00.000000000,2018-08-22 15:17:00,301.009.5672
546,1100162848,0 days 00:02:00.000000000,2018-08-22 11:06:00,301.009.5672
547,1100162564,0 days 00:04:00.000000000,2018-08-22 10:04:00,315.777.6549
548,1100123108,0 days 00:05:00.000000000,2018-08-23 09:17:00,315.777.6549
549,1100162606,0 days 00:04:00.000000000,2018-08-23 08:10:00,311.487.6976
550,1100135833,0 days 00:02:00.000000000,2018-08-23 07:45:00,301.009.5672
551,1100123792,0 days 00:05:00.000000000,2018-08-23 08:51:00,311.487.6976
552,1100123263,0 days 00:05:00.000000000,2018-08-23 15:01:00,315.777.6549
553,1100162759,0 days 00:01:00.000000000,2018-08-23 14:56:00,300.227.8739
554,1100162742,0 days 00:01:00.000000000,2018-08-24 17:13:00,311.487.6976
555,1100162855,0 days 00:06:00.000000000,2018-08-24 18:20:00,315.777.6549
556,1100162565,0 days 00:06:00.000000000,2018-08-24 09:50:00,315.777.6549
557,1100162635,0 days 00:01:00.000000000,2018-08-24 18:59:00,301.009.5672
558,1100135566,0 days 00:01:00.000000000,2018-08-24 13:20:00,315.777.6549
559,1100162588,0 days 00:02:00.000000000,2018-08-24 16:47:00,300.227.8739
560,1100187795,0 days 00:06:00.000000000,2018-08-25 18:37:00,301.009.5672
561,1100162110,0 days 00:02:00.000000000,2018-08-25 19:01:00,311.487.6976
562,1100135689,0 days 00:03:00.000000000,2018-08-25 19:56:00,315.777.6549
563,1100123662,0 days 00:06:00.000000000,2018-08-25 17:20:00,315.777.6549
564,1100162780,0 days 00:05:00.000000000,2018-08-25 16:13:00,301.009.5672
565,1100162127,0 days 00:06:00.000000000,2018-08-25 13:08:00,301.009.5672
566,1100187273,0 days 00:04:00.000000000,2018-08-25 17:41:00,301.009.5672
567,1100162318,0 days 00:01:00.000000000,2018-08-25 12:46:00,301.009.5672
568,1100162211,0 days 00:02:00.000000000,2018-08-25 16:36:00,301.009.5672
569,1100162864,0 days 00:04:00.000000000,2018-08-26 15:03:00,315.777.6549
570,1100135700,0 days 00:01:00.000000000,2018-08-26 16:50:00,315.777.6549
571,1100162434,0 days 00:02:00.000000000,2018-08-26 06:52:00,301.009.5672
572,1100123680,0 days 00:03:00.000000000,2018-08-26 17:25:00,301.009.5672
573,1100187175,0 days 00:03:00.000000000,2018-08-26 10:56:00,315.777.6549
574,1100135418,0 days 00:03:00.000000000,2018-08-26 14:11:00,311.487.6976
575,1100162698,0 days 00:05:00.000000000,2018-08-26 11:57:00,300.227.8739
576,1100135542,0 days 00:01:00.000000000,2018-08-27 18:28:00,311.487.6976
577,1100135402,0 days 00:02:00.000000000,2018-08-27 15:43:00,315.777.6549
578,1100187868,0 days 00:01:00.000000000,2018-08-27 11:18:00,315.777.6549
579,1100135551,0 days 00:02:00.000000000,2018-08-27 16:02:00,301.009.5672
580,1100135199,0 days 00:04:00.000000000,2018-08-27 12:50:00,300.227.8739
581,1100123786,0 days 00:03:00.000000000,2018-08-27 19:52:00,311.487.6976
582,1100162768,0 days 00:01:00.000000000,2018-08-27 15:03:00,315.777.6549
583,1100135385,0 days 00:05:00.000000000,2018-08-27 06:23:00,301.009.5672
584,1100162591,0 days 00:01:00.000000000,2018-08-28 14:40:00,300.227.8739
585,1100187349,0 days 00:03:00.000000000,2018-08-28 11:59:00,315.777.6549
586,1100135389,0 days 00:06:00.000000000,2018-08-28 15:19:00,311.487.6976
587,1100123571,0 days 00:03:00.000000000,2018-08-28 07:45:00,315.777.6549
588,1100162850,0 days 00:01:00.000000000,2018-08-28 22:22:00,300.227.8739
589,1100162155,0 days 00:06:00.000000000,2018-08-28 17:41:00,315.777.6549
590,1100162274,0 days 00:04:00.000000000,2018-08-29 14:58:00,301.009.5672
591,1100123693,0 days 00:05:00.000000000,2018-08-29 13:08:00,311.487.6976
592,1100162828,0 days 00:04:00.000000000,2018-08-29 11:35:00,301.009.5672
593,1100187546,0 days 00:06:00.000000000,2018-08-30 12:18:00,315.777.6549
594,1100162234,0 days 00:05:00.000000000,2018-08-30 08:37:00,311.487.6976
595,1100123268,0 days 00:06:00.000000000,2018-08-30 12:00:00,301.009.5672
596,1100162263,0 days 00:03:00.000000000,2018-08-30 10:49:00,301.009.5672
597,1100135481,0 days 00:02:00.000000000,2018-08-30 10:34:00,311.487.6976
